                  epoch,         train/box_loss,         train/cls_loss,         train/dfl_loss,   metrics/precision(B),      metrics/recall(B),       metrics/mAP50(B),    metrics/mAP50-95(B),           val/box_loss,           val/cls_loss,           val/dfl_loss,                 lr/pg0,                 lr/pg1,                 lr/pg2
                      1,                 2.9795,                 3.3833,                 1.5324,                0.00221,                0.03125,                0.00143,                0.00053,                 1.8598,                 7.0707,                0.69533,                0.00038,                0.00038,                0.00038
                      2,                 2.2141,                 1.9603,                 1.1718,                0.00613,                0.21875,                0.00582,                0.00226,                 2.1671,                  2.853,                0.71385,             0.00077228,             0.00077228,             0.00077228
                      3,                 2.0915,                 1.3897,                 1.1227,                0.00638,                0.21875,                0.00485,                0.00165,                 1.5885,                 3.6281,                0.65976,              0.0011566,              0.0011566,              0.0011566
                      4,                 2.0853,                 1.1407,                 1.1213,                0.00434,                0.15625,                 0.0029,                0.00072,                 2.6023,                 2.6346,                 0.8311,              0.0015331,              0.0015331,              0.0015331
                      5,                 2.0913,                  1.181,                 1.1432,                0.00486,                 0.3125,                0.00454,                0.00137,                 1.8632,                 2.2104,                0.73664,              0.0019016,              0.0019016,              0.0019016
